{"cameraMode":{"drawMode":0,"name":"Shaded","section":"Shading Mode"},"sceneLighting":true,"audioPlay":false,"sceneViewState":{"showFog":true,"showMaterialUpdate":false,"showSkybox":true,"showFlares":true,"showImageEffects":true,"showParticleSystems":true,"showVisualEffectGraphs":true,"m_FxEnabled":true},"in2DMode":false,"pivot":{"x":5.483687877655029,"y":-19.216632843017579,"z":19.943035125732423},"rotation":{"x":-0.41423237323760989,"y":-0.20194831490516663,"z":0.09480828046798706,"w":-0.8824002146720886},"size":14.458518981933594,"orthographic":false}